0,49.0
1,21.0
2,49.0
3,21.0
4,99.0
5,16.0
6,81.0
7,107.0
8,85.0
9,104.0
10,34.0
11,18.0
12,119.0
13,49.0
14,36.0
15,13.0
16,123.0
17,17.0
18,70.0
19,69.0
20,44.0
21,30.0
22,43.0
23,55.0
24,25.0
25,160.0
26,6.0
27,21.0
28,39.0
29,37.0
30,35.0
31,12.0
32,38.0
33,42.0
34,125.0
35,59.0
36,48.0
37,8.0
38,119.0
39,45.0
40,28.0
41,26.0
42,43.0
43,88.0
44,29.0
45,39.0
46,82.0
47,30.0
48,92.0
49,76.0
50,65.0
51,18.0
52,68.0
53,18.0
54,44.0
55,118.0
56,24.0
57,76.0
58,57.0
59,54.0
60,109.0
61,65.0
62,11.0
63,10.0
64,33.0
65,10.0
66,31.0
67,40.0
68,60.0
69,17.0
70,147.0
71,48.0
72,16.0
73,26.0
74,71.0
75,35.0
76,58.0
77,80.0
78,51.0
79,38.0
80,31.0
81,33.0
82,25.0
83,41.0
84,119.0
85,43.0
86,74.0
87,64.0
88,21.0
89,17.0
90,41.0
91,14.0
92,91.0
93,120.0
94,25.0
95,3.0
96,62.0
97,62.0
98,113.0
99,33.0
100,58.0
101,81.0
102,98.0
103,14.0
104,65.0
105,34.0
106,44.0
107,46.0
108,54.0
109,69.0
110,68.0
111,28.0
112,37.0
113,96.0
114,18.0
115,49.0
116,22.0
117,12.0
118,95.0
119,27.0
120,44.0
121,36.0
122,147.0
123,28.0
124,53.0
125,96.0
126,62.0
127,21.0
128,23.0
129,12.0
130,108.0
131,99.0
132,14.0
133,81.0
134,60.0
135,168.0
136,31.0
137,39.0
138,160.0
139,41.0
140,65.0
141,36.0
142,69.0
143,45.0
144,25.0
145,102.0
146,28.0
147,54.0
148,46.0
149,104.0
150,109.0
151,77.0
152,33.0
153,173.0
154,72.0
155,63.0
156,24.0
157,2.0
158,23.0
159,28.0
160,31.0
161,101.0
162,46.0
163,18.0
164,15.0
165,67.0
166,25.0
167,13.0
168,34.0
169,22.0
170,10.0
171,34.0
172,14.0
173,31.0
174,15.0
175,71.0
176,45.0
177,61.0
178,16.0
179,39.0
180,50.0
181,30.0
182,17.0
183,64.0
184,62.0
185,22.0
186,19.0
187,27.0
188,44.0
189,28.0
190,82.0
191,69.0
192,24.0
193,65.0
194,108.0
195,45.0
196,21.0
197,51.0
198,22.0
199,98.0
200,18.0
201,5.0
202,37.0
203,76.0
204,7.0
205,70.0
206,25.0
207,32.0
208,14.0
209,87.0
210,37.0
211,13.0
212,28.0
213,28.0
214,50.0
215,149.0
216,73.0
217,29.0
218,3.0
219,77.0
220,101.0
221,44.0
222,43.0
223,19.0
224,33.0
225,53.0
226,10.0
227,66.0
228,70.0
229,8.0
230,37.0
231,22.0
232,39.0
233,14.0
234,24.0
235,9.0
236,22.0
237,32.0
238,18.0
239,28.0
240,35.0
241,20.0
242,32.0
243,44.0
244,57.0
245,110.0
246,43.0
247,69.0
248,8.0
249,154.0
250,27.0
251,22.0
252,35.0
253,54.0
254,68.0
255,15.0
256,62.0
257,42.0
258,50.0
259,73.0
260,61.0
261,36.0
262,64.0
263,37.0
264,53.0
265,40.0
266,27.0
267,51.0
268,15.0
269,30.0
270,83.0
271,69.0
272,72.0
273,21.0
274,36.0
275,33.0
276,32.0
277,54.0
278,13.0
279,59.0
280,79.0
281,28.0
282,68.0
283,21.0
284,19.0
285,28.0
286,69.0
287,34.0
288,18.0
289,42.0
290,12.0
291,57.0
292,68.0
293,93.0
294,115.0
295,36.0
296,27.0
297,16.0
298,37.0
299,106.0
300,167.0
301,94.0
302,58.0
303,78.0
304,50.0
305,26.0
306,58.0
307,34.0
308,130.0
309,47.0
310,75.0
311,17.0
312,108.0
313,90.0
314,149.0
315,29.0
316,25.0
317,62.0
318,196.0
319,4.0
320,44.0
321,41.0
322,7.0
323,39.0
324,18.0
325,45.0
326,87.0
327,32.0
328,57.0
329,20.0
330,31.0
331,7.0
332,32.0
333,29.0
334,43.0
335,103.0
336,52.0
337,61.0
338,14.0
339,103.0
340,57.0
341,20.0
342,76.0
343,38.0
344,8.0
345,43.0
346,12.0
347,25.0
348,43.0
349,32.0
350,11.0
351,34.0
352,8.0
353,28.0
354,115.0
355,113.0
356,78.0
357,54.0
358,50.0
359,93.0
360,18.0
361,67.0
362,14.0
363,32.0
364,27.0
365,25.0
366,27.0
367,9.0
368,18.0
369,88.0
370,16.0
371,26.0
372,51.0
373,80.0
374,32.0
375,38.0
376,35.0
377,41.0
378,6.0
379,35.0
380,31.0
381,38.0
382,27.0
383,66.0
384,26.0
385,81.0
386,16.0
387,106.0
388,47.0
389,26.0
390,93.0
391,52.0
392,17.0
393,34.0
394,104.0
395,79.0
396,79.0
397,30.0
398,23.0
399,79.0
400,71.0
401,20.0
402,40.0
403,51.0
404,39.0
405,50.0
406,15.0
407,36.0
408,98.0
409,14.0
410,54.0
411,51.0
412,16.0
413,82.0
414,28.0
415,18.0
416,41.0
417,21.0
418,14.0
419,21.0
420,107.0
421,33.0
422,52.0
423,50.0
424,27.0
425,102.0
426,11.0
427,48.0
428,68.0
429,65.0
430,82.0
431,73.0
432,63.0
433,52.0
434,47.0
435,52.0
436,57.0
437,40.0
438,5.0
439,8.0
440,11.0
441,4.0
442,25.0
443,21.0
444,54.0
445,15.0
446,39.0
447,33.0
448,11.0
449,116.0
450,32.0
451,8.0
452,55.0
453,57.0
454,75.0
455,43.0
456,71.0
457,92.0
458,44.0
459,68.0
460,51.0
461,72.0
462,97.0
463,56.0
464,20.0
465,37.0
466,31.0
467,115.0
468,61.0
469,20.0
470,13.0
471,48.0
472,54.0
473,112.0
474,77.0
475,63.0
476,52.0
477,7.0
478,105.0
479,53.0
480,19.0
481,240.0
482,57.0
483,7.0
484,25.0
485,19.0
486,69.0
487,49.0
488,47.0
489,5.0
490,33.0
491,48.0
492,41.0
493,39.0
494,19.0
495,7.0
496,4.0
497,30.0
498,19.0
499,49.0
500,108.0
501,19.0
502,14.0
503,118.0
504,146.0
505,46.0
506,56.0
507,31.0
508,25.0
509,33.0
510,102.0
511,10.0
512,18.0
513,9.0
514,94.0
515,28.0
516,23.0
517,99.0
518,81.0
519,116.0
520,44.0
521,25.0
522,57.0
523,102.0
524,80.0
525,63.0
526,30.0
527,19.0
528,127.0
529,96.0
530,64.0
531,51.0
532,29.0
533,77.0
534,168.0
535,27.0
536,65.0
537,28.0
538,21.0
539,16.0
540,27.0
541,104.0
542,16.0
543,6.0
544,24.0
545,69.0
546,145.0
547,39.0
548,89.0
549,39.0
550,106.0
551,71.0
552,52.0
553,149.0
554,25.0
555,59.0
556,15.0
557,60.0
558,29.0
559,39.0
560,37.0
561,7.0
562,57.0
563,23.0
564,76.0
565,83.0
566,23.0
567,57.0
568,44.0
569,48.0
570,40.0
571,22.0
572,18.0
573,60.0
574,9.0
575,21.0
576,68.0
577,20.0
578,29.0
579,24.0
580,19.0
581,17.0
582,61.0
583,12.0
584,129.0
585,123.0
586,47.0
587,24.0
588,35.0
589,66.0
590,47.0
591,88.0
592,26.0
593,86.0
594,11.0
595,29.0
596,48.0
597,85.0
598,54.0
599,62.0
600,41.0
601,67.0
602,62.0
603,13.0
604,51.0
605,28.0
606,63.0
607,27.0
608,90.0
609,29.0
610,37.0
611,40.0
612,116.0
613,56.0
614,32.0
615,45.0
616,47.0
617,28.0
618,78.0
619,20.0
620,14.0
621,31.0
622,102.0
623,133.0
624,38.0
625,25.0
626,52.0
627,31.0
628,137.0
629,26.0
630,45.0
631,73.0
632,14.0
633,19.0
634,59.0
635,78.0
636,12.0
637,70.0
638,39.0
639,15.0
640,20.0
641,25.0
642,12.0
643,25.0
644,32.0
645,68.0
646,54.0
647,8.0
648,27.0
649,28.0
650,9.0
651,81.0
652,26.0
653,40.0
654,88.0
655,179.0
656,53.0
657,29.0
658,21.0
659,20.0
660,173.0
661,46.0
662,15.0
663,48.0
664,24.0
665,47.0
666,20.0
667,31.0
668,73.0
669,135.0
670,107.0
671,14.0
672,10.0
673,33.0
674,44.0
675,84.0
676,26.0
677,6.0
678,199.0
679,42.0
680,107.0
681,36.0
682,33.0
683,18.0
684,65.0
685,34.0
686,16.0
687,12.0
688,48.0
689,48.0
690,47.0
691,29.0
692,16.0
693,139.0
694,35.0
695,50.0
696,44.0
697,56.0
698,52.0
699,14.0
700,31.0
701,71.0
702,22.0
703,46.0
704,68.0
705,37.0
706,99.0
707,8.0
708,89.0
709,35.0
710,32.0
711,30.0
712,40.0
713,44.0
714,31.0
715,20.0
716,240.0
717,41.0
718,80.0
719,21.0
720,77.0
721,11.0
722,103.0
723,43.0
724,68.0
725,6.0
726,89.0
727,43.0
728,45.0
729,60.0
730,124.0
731,113.0
732,90.0
733,33.0
734,121.0
735,11.0
736,54.0
737,21.0
738,81.0
739,36.0
740,14.0
741,42.0
742,102.0
743,30.0
744,21.0
745,40.0
746,66.0
747,35.0
748,78.0
749,57.0
750,6.0
751,35.0
752,23.0
753,45.0
754,20.0
755,31.0
756,23.0
757,59.0
758,61.0
759,50.0
760,57.0
761,4.0
762,16.0
763,57.0
764,43.0
765,13.0
766,4.0
767,35.0
768,117.0
769,53.0
770,20.0
771,30.0
772,19.0
773,25.0
774,38.0
775,124.0
776,69.0
777,31.0
778,5.0
779,268.0
780,15.0
781,37.0
782,19.0
783,24.0
784,42.0
785,15.0
786,7.0
787,10.0
788,17.0
789,16.0
790,10.0
791,66.0
792,16.0
793,50.0
794,14.0
795,82.0
796,106.0
797,78.0
798,7.0
799,38.0
800,67.0
801,3.0
802,32.0
803,19.0
804,59.0
805,30.0
806,36.0
807,64.0
808,9.0
809,31.0
810,36.0
811,37.0
812,79.0
813,187.0
814,50.0
815,86.0
816,81.0
817,26.0
818,106.0
819,19.0
820,63.0
821,18.0
822,18.0
823,88.0
824,36.0
825,76.0
826,95.0
827,24.0
828,22.0
829,17.0
830,17.0
831,21.0
832,212.0
833,16.0
834,177.0
835,34.0
836,26.0
837,36.0
838,60.0
839,16.0
840,52.0
841,35.0
842,98.0
843,45.0
844,25.0
845,17.0
846,18.0
847,44.0
848,12.0
849,13.0
850,66.0
851,69.0
852,9.0
853,94.0
854,44.0
855,53.0
856,73.0
857,92.0
858,78.0
859,78.0
860,52.0
861,34.0
862,23.0
863,56.0
864,30.0
865,49.0
866,23.0
867,21.0
868,24.0
869,17.0
870,25.0
871,29.0
872,58.0
873,39.0
874,24.0
875,24.0
876,10.0
877,33.0
878,37.0
879,4.0
880,77.0
881,19.0
882,36.0
883,48.0
884,41.0
885,47.0
886,79.0
887,75.0
888,54.0
889,46.0
890,35.0
891,30.0
892,45.0
893,39.0
894,6.0
895,16.0
896,47.0
897,37.0
898,2.0
899,31.0
900,40.0
901,104.0
902,30.0
903,46.0
904,57.0
905,100.0
906,86.0
907,38.0
908,24.0
909,43.0
910,117.0
911,117.0
912,5.0
913,11.0
914,67.0
915,21.0
916,56.0
917,98.0
918,42.0
919,37.0
920,71.0
921,44.0
922,44.0
923,31.0
924,50.0
925,35.0
926,2.0
927,37.0
928,77.0
929,39.0
930,38.0
931,49.0
932,25.0
933,46.0
934,33.0
935,32.0
936,11.0
937,28.0
938,59.0
939,22.0
940,20.0
941,11.0
942,95.0
943,33.0
944,30.0
945,96.0
946,42.0
947,19.0
948,46.0
949,118.0
950,80.0
951,12.0
952,71.0
953,54.0
954,25.0
955,74.0
956,39.0
957,11.0
958,36.0
959,48.0
960,16.0
961,42.0
962,70.0
963,71.0
964,17.0
965,151.0
966,51.0
967,17.0
968,27.0
969,60.0
970,28.0
971,25.0
972,47.0
973,59.0
974,109.0
975,64.0
976,10.0
977,23.0
978,13.0
979,84.0
980,9.0
981,97.0
982,93.0
983,19.0
984,39.0
985,47.0
986,60.0
987,11.0
988,41.0
989,66.0
990,17.0
991,48.0
992,70.0
993,9.0
994,109.0
995,122.0
996,191.0
997,24.0
998,8.0
999,8.0
1000,71.0
1001,39.0
1002,58.0
1003,69.0
1004,10.0
1005,113.0
1006,3.0
1007,104.0
1008,37.0
1009,10.0
1010,28.0
1011,11.0
1012,47.0
1013,21.0
1014,29.0
1015,55.0
1016,55.0
1017,88.0
1018,60.0
1019,3.0
1020,84.0
1021,21.0
1022,34.0
1023,53.0
1024,78.0
1025,5.0
1026,29.0
1027,115.0
1028,38.0
1029,45.0
1030,110.0
1031,75.0
1032,77.0
1033,85.0
1034,43.0
1035,47.0
1036,32.0
1037,105.0
1038,54.0
1039,47.0
1040,22.0
1041,39.0
1042,38.0
1043,74.0
1044,18.0
1045,50.0
1046,14.0
1047,102.0
1048,9.0
1049,110.0
1050,170.0
1051,45.0
1052,44.0
1053,19.0
1054,49.0
1055,200.0
1056,29.0
1057,25.0
1058,46.0
1059,97.0
1060,9.0
1061,9.0
1062,58.0
1063,19.0
1064,27.0
1065,104.0
1066,9.0
1067,13.0
1068,61.0
1069,25.0
1070,121.0
1071,40.0
1072,74.0
1073,57.0
1074,22.0
1075,51.0
1076,58.0
1077,12.0
1078,35.0
1079,39.0
1080,84.0
1081,22.0
1082,45.0
1083,90.0
1084,49.0
1085,79.0
1086,11.0
1087,81.0
1088,42.0
1089,53.0
1090,67.0
1091,54.0
1092,99.0
1093,58.0
1094,24.0
1095,54.0
1096,52.0
1097,19.0
1098,37.0
1099,42.0
1100,34.0
1101,62.0
1102,88.0
1103,92.0
1104,19.0
1105,62.0
1106,11.0
1107,20.0
1108,21.0
1109,98.0
1110,131.0
1111,28.0
1112,26.0
1113,40.0
1114,66.0
1115,87.0
1116,102.0
1117,119.0
1118,24.0
1119,49.0
1120,50.0
1121,24.0
1122,86.0
1123,17.0
1124,51.0
1125,130.0
1126,23.0
1127,45.0
1128,49.0
1129,64.0
1130,30.0
1131,64.0
1132,45.0
1133,21.0
1134,3.0
1135,87.0
1136,86.0
1137,6.0
1138,4.0
1139,14.0
1140,39.0
1141,101.0
1142,73.0
1143,54.0
1144,37.0
1145,26.0
1146,99.0
1147,14.0
1148,43.0
1149,81.0
1150,109.0
1151,61.0
1152,94.0
1153,32.0
1154,19.0
1155,84.0
1156,122.0
1157,17.0
1158,30.0
1159,53.0
1160,7.0
1161,21.0
1162,21.0
1163,29.0
1164,34.0
1165,63.0
1166,69.0
1167,10.0
1168,10.0
1169,49.0
1170,58.0
1171,51.0
1172,102.0
1173,77.0
1174,88.0
1175,35.0
1176,49.0
1177,48.0
1178,8.0
1179,63.0
1180,69.0
1181,49.0
1182,62.0
1183,97.0
1184,92.0
1185,42.0
1186,58.0
1187,6.0
1188,37.0
1189,104.0
1190,45.0
1191,65.0
1192,25.0
1193,55.0
1194,11.0
1195,39.0
1196,54.0
1197,100.0
1198,12.0
1199,2.0
1200,27.0
1201,14.0
1202,47.0
1203,35.0
1204,66.0
1205,44.0
1206,38.0
1207,72.0
1208,45.0
1209,13.0
1210,153.0
1211,41.0
1212,34.0
1213,74.0
1214,33.0
1215,48.0
1216,45.0
1217,31.0
1218,25.0
1219,7.0
1220,21.0
1221,54.0
1222,38.0
1223,27.0
1224,132.0
1225,36.0
1226,96.0
1227,99.0
1228,130.0
1229,36.0
1230,66.0
1231,46.0
1232,101.0
1233,91.0
1234,66.0
1235,51.0
1236,114.0
1237,36.0
1238,44.0
1239,61.0
1240,59.0
1241,11.0
1242,66.0
1243,94.0
1244,32.0
1245,38.0
1246,43.0
1247,57.0
1248,53.0
1249,37.0
1250,61.0
1251,31.0
1252,11.0
1253,28.0
1254,35.0
1255,76.0
1256,100.0
1257,3.0
1258,83.0
1259,60.0
1260,31.0
1261,32.0
1262,61.0
1263,58.0
1264,49.0
1265,44.0
1266,55.0
1267,90.0
1268,41.0
1269,104.0
1270,22.0
1271,28.0
1272,13.0
1273,17.0
1274,47.0
1275,54.0
1276,24.0
1277,9.0
1278,62.0
1279,30.0
1280,45.0
1281,100.0
1282,30.0
1283,34.0
1284,62.0
1285,38.0
1286,47.0
1287,61.0
1288,45.0
1289,129.0
1290,61.0
1291,38.0
1292,30.0
1293,21.0
1294,26.0
1295,33.0
1296,76.0
1297,78.0
1298,13.0
1299,23.0
1300,27.0
1301,53.0
1302,24.0
1303,63.0
1304,9.0
1305,35.0
1306,51.0
1307,25.0
1308,39.0
1309,17.0
1310,16.0
1311,23.0
1312,66.0
1313,48.0
1314,23.0
1315,11.0
1316,66.0
1317,10.0
1318,67.0
1319,53.0
1320,6.0
1321,96.0
1322,45.0
1323,18.0
1324,28.0
1325,54.0
1326,101.0
1327,50.0
1328,45.0
1329,81.0
1330,48.0
1331,24.0
1332,12.0
1333,110.0
1334,45.0
1335,57.0
1336,36.0
1337,66.0
1338,15.0
1339,101.0
1340,92.0
1341,134.0
1342,62.0
1343,69.0
1344,99.0
1345,29.0
1346,32.0
1347,64.0
1348,33.0
1349,74.0
1350,53.0
1351,24.0
1352,46.0
1353,48.0
1354,88.0
1355,48.0
1356,48.0
1357,13.0
1358,61.0
1359,25.0
1360,74.0
1361,65.0
1362,88.0
1363,101.0
1364,44.0
1365,71.0
1366,45.0
1367,9.0
1368,108.0
1369,34.0
1370,43.0
1371,32.0
1372,11.0
1373,15.0
1374,12.0
1375,34.0
1376,18.0
1377,74.0
1378,54.0
1379,79.0
1380,49.0
1381,14.0
1382,19.0
1383,78.0
1384,19.0
1385,22.0
1386,19.0
1387,13.0
1388,71.0
1389,22.0
1390,30.0
1391,103.0
1392,11.0
1393,12.0
1394,19.0
1395,4.0
1396,4.0
1397,36.0
1398,83.0
1399,122.0
1400,31.0
1401,21.0
1402,23.0
1403,70.0
1404,42.0
1405,41.0
1406,79.0
1407,105.0
1408,125.0
1409,55.0
1410,84.0
1411,139.0
1412,9.0
1413,30.0
1414,133.0
1415,18.0
1416,44.0
1417,22.0
1418,4.0
1419,30.0
1420,69.0
1421,89.0
1422,35.0
1423,11.0
1424,88.0
1425,60.0
1426,30.0
1427,150.0
1428,24.0
1429,53.0
1430,81.0
1431,33.0
1432,10.0
1433,24.0
1434,35.0
1435,49.0
1436,47.0
1437,4.0
1438,62.0
1439,26.0
1440,54.0
1441,52.0
1442,82.0
1443,9.0
1444,106.0
1445,92.0
1446,28.0
1447,32.0
1448,80.0
1449,43.0
1450,75.0
1451,46.0
1452,45.0
1453,70.0
1454,72.0
1455,73.0
1456,23.0
1457,40.0
1458,34.0
1459,50.0
1460,13.0
1461,47.0
1462,41.0
1463,88.0
1464,24.0
1465,94.0
1466,72.0
1467,37.0
1468,27.0
1469,34.0
1470,86.0
1471,61.0
1472,34.0
1473,29.0
1474,14.0
1475,14.0
1476,28.0
1477,115.0
1478,85.0
1479,92.0
1480,12.0
1481,32.0
1482,49.0
1483,79.0
1484,85.0
1485,30.0
1486,18.0
1487,96.0
1488,80.0
1489,22.0
1490,129.0
1491,173.0
1492,78.0
1493,150.0
1494,51.0
1495,99.0
1496,46.0
1497,31.0
1498,5.0
1499,28.0
1500,70.0
1501,44.0
1502,30.0
1503,8.0
1504,27.0
1505,73.0
1506,22.0
1507,46.0
1508,43.0
1509,35.0
1510,91.0
1511,37.0
1512,8.0
1513,16.0
1514,33.0
1515,36.0
1516,27.0
1517,31.0
1518,60.0
1519,34.0
1520,80.0
1521,79.0
1522,29.0
1523,95.0
1524,47.0
1525,10.0
1526,116.0
1527,34.0
1528,17.0
1529,5.0
1530,16.0
1531,24.0
1532,20.0
1533,41.0
1534,42.0
1535,97.0
1536,40.0
1537,69.0
1538,36.0
1539,48.0
1540,36.0
1541,26.0
1542,39.0
1543,23.0
1544,21.0
1545,22.0
1546,57.0
1547,102.0
1548,59.0
1549,12.0
1550,58.0
1551,20.0
1552,83.0
1553,52.0
1554,79.0
1555,102.0
1556,50.0
1557,13.0
1558,17.0
1559,169.0
1560,16.0
1561,27.0
1562,8.0
1563,88.0
1564,68.0
1565,45.0
1566,59.0
1567,63.0
1568,27.0
1569,118.0
1570,6.0
1571,46.0
1572,69.0
1573,10.0
1574,32.0
1575,29.0
1576,40.0
1577,27.0
1578,153.0
1579,55.0
1580,51.0
1581,20.0
1582,103.0
1583,19.0
1584,18.0
1585,43.0
1586,106.0
1587,73.0
1588,77.0
1589,93.0
1590,85.0
1591,71.0
1592,8.0
1593,33.0
1594,13.0
1595,20.0
1596,55.0
1597,28.0
1598,30.0
1599,51.0
1600,41.0
1601,122.0
1602,41.0
1603,31.0
1604,63.0
1605,74.0
1606,43.0
1607,76.0
1608,163.0
1609,56.0
1610,114.0
1611,56.0
1612,12.0
1613,72.0
1614,50.0
1615,12.0
1616,56.0
1617,7.0
1618,21.0
1619,103.0
1620,58.0
1621,53.0
1622,24.0
1623,28.0
1624,40.0
1625,50.0
1626,33.0
1627,75.0
1628,80.0
1629,73.0
1630,62.0
1631,36.0
1632,106.0
1633,52.0
1634,37.0
1635,21.0
1636,23.0
1637,50.0
1638,55.0
1639,28.0
1640,15.0
1641,77.0
1642,18.0
1643,67.0
1644,57.0
1645,107.0
1646,68.0
1647,36.0
1648,43.0
1649,23.0
1650,64.0
1651,34.0
1652,19.0
1653,33.0
1654,53.0
1655,30.0
1656,42.0
1657,51.0
1658,41.0
1659,49.0
1660,64.0
1661,122.0
1662,50.0
1663,19.0
1664,32.0
1665,85.0
1666,84.0
1667,28.0
1668,71.0
1669,93.0
1670,41.0
1671,17.0
1672,14.0
1673,33.0
1674,29.0
1675,12.0
1676,40.0
1677,34.0
1678,127.0
1679,3.0
1680,40.0
1681,79.0
1682,102.0
1683,48.0
1684,46.0
1685,22.0
1686,97.0
1687,32.0
1688,101.0
1689,58.0
1690,50.0
1691,29.0
1692,48.0
1693,37.0
1694,17.0
1695,24.0
1696,85.0
1697,134.0
1698,100.0
1699,89.0
1700,13.0
1701,27.0
1702,81.0
1703,24.0
1704,25.0
1705,40.0
1706,93.0
1707,32.0
1708,43.0
1709,67.0
1710,18.0
1711,55.0
1712,29.0
1713,98.0
1714,16.0
1715,26.0
1716,98.0
1717,30.0
1718,10.0
1719,17.0
1720,106.0
1721,49.0
1722,180.0
1723,45.0
1724,106.0
1725,46.0
1726,82.0
1727,145.0
1728,11.0
1729,37.0
1730,43.0
1731,91.0
1732,52.0
1733,164.0
1734,76.0
1735,42.0
1736,47.0
1737,22.0
1738,48.0
1739,29.0
1740,92.0
1741,15.0
1742,86.0
1743,62.0
1744,14.0
1745,31.0
1746,62.0
1747,11.0
1748,111.0
1749,22.0
1750,46.0
1751,12.0
1752,76.0
1753,37.0
1754,90.0
1755,68.0
1756,25.0
1757,29.0
1758,32.0
1759,20.0
1760,93.0
1761,104.0
1762,34.0
1763,87.0
1764,123.0
1765,62.0
1766,7.0
1767,41.0
1768,70.0
1769,257.0
1770,19.0
1771,9.0
1772,65.0
1773,22.0
1774,195.0
1775,84.0
1776,12.0
1777,79.0
1778,37.0
1779,78.0
1780,41.0
1781,57.0
1782,3.0
1783,14.0
1784,64.0
1785,31.0
1786,35.0
1787,130.0
1788,60.0
1789,27.0
1790,72.0
1791,47.0
1792,27.0
1793,77.0
1794,28.0
1795,44.0
1796,10.0
1797,83.0
1798,70.0
1799,15.0
1800,48.0
1801,48.0
1802,149.0
1803,119.0
1804,28.0
1805,111.0
1806,9.0
1807,93.0
1808,95.0
1809,16.0
1810,24.0
1811,15.0
1812,40.0
1813,63.0
1814,28.0
1815,57.0
1816,79.0
1817,64.0
1818,44.0
1819,39.0
1820,63.0
1821,72.0
1822,43.0
1823,12.0
1824,37.0
1825,17.0
1826,65.0
1827,50.0
1828,40.0
1829,25.0
1830,46.0
1831,42.0
1832,19.0
1833,70.0
1834,23.0
1835,98.0
1836,11.0
1837,101.0
1838,69.0
1839,23.0
1840,35.0
1841,50.0
1842,42.0
1843,81.0
1844,23.0
1845,54.0
1846,55.0
1847,31.0
1848,20.0
1849,195.0
1850,12.0
1851,16.0
1852,4.0
1853,29.0
1854,38.0
1855,22.0
1856,106.0
1857,78.0
1858,49.0
1859,34.0
1860,54.0
1861,12.0
1862,16.0
1863,23.0
1864,46.0
1865,33.0
1866,33.0
1867,38.0
1868,31.0
1869,23.0
1870,79.0
1871,3.0
1872,88.0
1873,50.0
1874,68.0
1875,15.0
1876,167.0
1877,16.0
1878,59.0
1879,55.0
1880,43.0
1881,50.0
1882,17.0
1883,24.0
1884,28.0
1885,24.0
1886,101.0
1887,46.0
1888,117.0
1889,26.0
1890,36.0
1891,52.0
1892,85.0
1893,53.0
1894,16.0
1895,29.0
1896,59.0
1897,6.0
1898,115.0
1899,108.0
1900,50.0
1901,42.0
1902,27.0
1903,79.0
1904,144.0
1905,35.0
1906,106.0
1907,71.0
1908,19.0
1909,68.0
1910,83.0
1911,77.0
1912,51.0
1913,19.0
1914,23.0
1915,52.0
1916,50.0
1917,64.0
1918,20.0
1919,29.0
1920,32.0
1921,32.0
1922,17.0
1923,95.0
1924,58.0
1925,40.0
1926,17.0
1927,97.0
1928,11.0
1929,29.0
1930,36.0
1931,105.0
1932,39.0
1933,33.0
1934,69.0
1935,17.0
1936,26.0
1937,47.0
1938,69.0
1939,65.0
1940,54.0
1941,202.0
1942,38.0
1943,76.0
1944,109.0
1945,14.0
1946,28.0
1947,23.0
1948,51.0
1949,52.0
1950,4.0
1951,13.0
1952,33.0
1953,199.0
1954,53.0
1955,7.0
1956,31.0
1957,70.0
1958,20.0
1959,86.0
1960,23.0
1961,71.0
1962,69.0
1963,95.0
1964,32.0
1965,68.0
1966,31.0
1967,47.0
1968,58.0
1969,37.0
1970,26.0
1971,54.0
1972,68.0
1973,92.0
1974,91.0
1975,39.0
1976,53.0
1977,45.0
1978,23.0
1979,15.0
1980,81.0
1981,16.0
1982,200.0
1983,64.0
1984,29.0
1985,111.0
1986,93.0
1987,31.0
1988,89.0
1989,101.0
1990,47.0
1991,30.0
1992,19.0
1993,19.0
1994,79.0
1995,39.0
1996,49.0
1997,8.0
1998,61.0
1999,75.0
2000,24.0
2001,98.0
2002,15.0
2003,8.0
2004,23.0
2005,139.0
2006,70.0
2007,11.0
2008,126.0
2009,31.0
2010,9.0
2011,23.0
2012,26.0
2013,48.0
2014,34.0
2015,15.0
2016,63.0
2017,64.0
2018,20.0
2019,98.0
2020,129.0
2021,21.0
2022,27.0
2023,28.0
2024,21.0
2025,78.0
2026,155.0
2027,28.0
2028,14.0
2029,66.0
2030,47.0
2031,85.0
2032,97.0
2033,41.0
2034,37.0
2035,60.0
2036,65.0
2037,22.0
2038,135.0
2039,108.0
2040,78.0
2041,35.0
2042,24.0
2043,74.0
2044,46.0
2045,68.0
2046,20.0
2047,14.0
2048,101.0
2049,28.0
2050,32.0
2051,19.0
2052,69.0
2053,45.0
2054,8.0
2055,13.0
2056,11.0
2057,124.0
2058,37.0
2059,20.0
2060,9.0
2061,40.0
2062,40.0
2063,38.0
2064,20.0
2065,27.0
2066,25.0
2067,57.0
2068,135.0
2069,49.0
2070,51.0
2071,27.0
2072,36.0
2073,131.0
2074,47.0
2075,51.0
2076,70.0
2077,67.0
2078,40.0
2079,101.0
2080,65.0
2081,55.0
2082,56.0
2083,23.0
2084,93.0
2085,44.0
2086,43.0
2087,53.0
2088,20.0
2089,134.0
2090,20.0
2091,41.0
2092,19.0
2093,50.0
2094,28.0
2095,87.0
2096,63.0
2097,17.0
2098,203.0
2099,59.0
2100,38.0
2101,42.0
2102,107.0
2103,53.0
2104,14.0
2105,99.0
2106,61.0
2107,25.0
2108,129.0
2109,98.0
2110,6.0
2111,45.0
2112,137.0
2113,10.0
2114,52.0
2115,71.0
2116,45.0
2117,57.0
2118,27.0
2119,24.0
2120,6.0
2121,13.0
2122,59.0
2123,9.0
2124,78.0
2125,115.0
2126,6.0
2127,56.0
2128,94.0
2129,6.0
2130,9.0
2131,32.0
2132,10.0
2133,12.0
2134,11.0
2135,18.0
2136,2.0
2137,24.0
2138,27.0
2139,30.0
2140,52.0
2141,19.0
2142,140.0
2143,32.0
2144,165.0
2145,10.0
2146,23.0
2147,46.0
2148,8.0
2149,68.0
2150,118.0
2151,28.0
2152,8.0
2153,43.0
2154,44.0
2155,49.0
2156,35.0
2157,74.0
2158,62.0
2159,38.0
2160,36.0
2161,204.0
2162,79.0
2163,45.0
2164,80.0
2165,30.0
2166,58.0
2167,87.0
2168,65.0
2169,39.0
2170,62.0
2171,12.0
2172,55.0
2173,28.0
2174,18.0
2175,60.0
2176,47.0
2177,24.0
2178,32.0
2179,53.0
2180,20.0
2181,64.0
2182,128.0
2183,44.0
2184,25.0
2185,158.0
2186,26.0
2187,49.0
2188,14.0
2189,43.0
2190,90.0
2191,43.0
2192,5.0
2193,51.0
2194,39.0
2195,35.0
2196,34.0
2197,65.0
2198,21.0
2199,39.0
2200,140.0
2201,62.0
2202,25.0
2203,19.0
2204,8.0
2205,139.0
2206,38.0
2207,70.0
2208,49.0
2209,43.0
2210,14.0
2211,16.0
2212,22.0
2213,9.0
2214,75.0
2215,42.0
2216,94.0
2217,36.0
2218,138.0
2219,38.0
2220,24.0
2221,49.0
2222,58.0
2223,19.0
2224,30.0
2225,86.0
2226,30.0
2227,57.0
2228,68.0
2229,119.0
2230,77.0
2231,27.0
2232,50.0
2233,15.0
2234,52.0
2235,56.0
2236,69.0
2237,62.0
2238,23.0
2239,14.0
2240,20.0
2241,48.0
2242,62.0
2243,29.0
2244,34.0
2245,21.0
2246,11.0
2247,39.0
2248,49.0
2249,57.0
2250,44.0
2251,58.0
2252,45.0
2253,11.0
2254,55.0
2255,18.0
2256,83.0
2257,83.0
2258,63.0
2259,66.0
2260,25.0
2261,26.0
2262,31.0
2263,85.0
2264,23.0
2265,51.0
2266,23.0
2267,41.0
2268,22.0
2269,44.0
2270,55.0
2271,87.0
2272,13.0
2273,49.0
2274,54.0
2275,79.0
2276,7.0
2277,73.0
2278,13.0
2279,29.0
2280,70.0
2281,8.0
2282,37.0
2283,16.0
2284,22.0
2285,51.0
2286,40.0
2287,128.0
2288,32.0
2289,33.0
2290,61.0
2291,72.0
2292,27.0
2293,22.0
2294,45.0
2295,32.0
2296,95.0
2297,60.0
2298,80.0
2299,8.0
2300,10.0
2301,37.0
2302,155.0
2303,36.0
2304,21.0
2305,13.0
2306,56.0
2307,16.0
2308,8.0
2309,112.0
2310,64.0
2311,22.0
2312,24.0
2313,10.0
2314,42.0
2315,60.0
2316,52.0
2317,19.0
2318,15.0
2319,10.0
2320,38.0
2321,110.0
2322,80.0
2323,8.0
2324,37.0
2325,89.0
2326,55.0
2327,52.0
2328,27.0
2329,19.0
2330,6.0
2331,56.0
2332,31.0
2333,63.0
2334,26.0
2335,24.0
2336,33.0
2337,48.0
2338,72.0
2339,178.0
2340,140.0
2341,82.0
2342,50.0
2343,25.0
2344,18.0
2345,11.0
2346,86.0
2347,22.0
2348,55.0
2349,7.0
2350,40.0
2351,12.0
2352,60.0
2353,92.0
2354,105.0
2355,58.0
2356,18.0
2357,44.0
2358,37.0
2359,55.0
2360,33.0
2361,3.0
2362,37.0
2363,79.0
2364,83.0
2365,8.0
2366,13.0
2367,75.0
2368,52.0
2369,22.0
2370,102.0
2371,15.0
2372,24.0
2373,29.0
2374,42.0
2375,113.0
2376,35.0
2377,19.0
2378,104.0
2379,26.0
2380,51.0
2381,30.0
2382,28.0
2383,73.0
2384,35.0
2385,33.0
2386,64.0
2387,19.0
2388,119.0
2389,18.0
2390,35.0
2391,10.0
2392,61.0
2393,72.0
2394,86.0
2395,62.0
2396,86.0
2397,102.0
2398,32.0
2399,84.0
2400,115.0
2401,25.0
2402,63.0
2403,6.0
2404,29.0
2405,21.0
2406,36.0
2407,33.0
2408,25.0
2409,22.0
2410,105.0
2411,40.0
2412,37.0
2413,33.0
2414,44.0
2415,19.0
2416,19.0
2417,96.0
2418,81.0
2419,60.0
2420,67.0
2421,84.0
2422,76.0
2423,115.0
2424,21.0
2425,25.0
2426,24.0
2427,23.0
2428,26.0
2429,19.0
2430,122.0
2431,25.0
2432,47.0
2433,53.0
2434,15.0
2435,66.0
2436,25.0
2437,23.0
2438,3.0
2439,41.0
2440,168.0
2441,44.0
2442,16.0
2443,15.0
2444,119.0
2445,49.0
2446,98.0
2447,61.0
2448,52.0
2449,48.0
2450,59.0
2451,17.0
2452,31.0
2453,33.0
2454,13.0
2455,57.0
2456,112.0
2457,60.0
2458,58.0
2459,59.0
2460,41.0
2461,46.0
2462,53.0
2463,44.0
2464,37.0
2465,71.0
2466,24.0
2467,19.0
2468,30.0
2469,73.0
2470,30.0
2471,66.0
2472,32.0
2473,33.0
2474,65.0
2475,15.0
2476,35.0
2477,7.0
2478,97.0
2479,19.0
2480,17.0
2481,23.0
2482,36.0
2483,95.0
2484,26.0
2485,54.0
2486,34.0
2487,55.0
2488,44.0
2489,133.0
2490,74.0
2491,11.0
2492,9.0
2493,57.0
2494,20.0
2495,115.0
2496,25.0
2497,38.0
2498,10.0
2499,46.0
2500,27.0
2501,15.0
2502,53.0
2503,25.0
2504,75.0
2505,69.0
2506,39.0
2507,48.0
2508,25.0
2509,18.0
2510,64.0
2511,61.0
2512,44.0
2513,50.0
2514,175.0
2515,23.0
2516,153.0
2517,59.0
2518,21.0
2519,24.0
2520,39.0
2521,29.0
2522,81.0
2523,21.0
2524,36.0
2525,66.0
2526,29.0
2527,66.0
2528,37.0
2529,50.0
2530,23.0
2531,27.0
2532,130.0
2533,7.0
2534,39.0
2535,45.0
2536,9.0
2537,25.0
2538,10.0
2539,64.0
2540,14.0
2541,20.0
2542,33.0
2543,28.0
2544,8.0
2545,37.0
2546,36.0
2547,35.0
2548,9.0
2549,81.0
2550,105.0
2551,49.0
2552,54.0
2553,32.0
2554,22.0
2555,109.0
2556,21.0
2557,91.0
2558,28.0
2559,66.0
2560,7.0
2561,84.0
2562,90.0
2563,19.0
2564,26.0
2565,45.0
2566,6.0
2567,18.0
2568,9.0
2569,77.0
2570,15.0
2571,46.0
2572,11.0
2573,46.0
2574,24.0
2575,53.0
2576,47.0
2577,11.0
2578,54.0
2579,77.0
2580,24.0
2581,12.0
2582,41.0
2583,22.0
2584,34.0
2585,60.0
2586,47.0
2587,51.0
2588,18.0
2589,63.0
2590,18.0
2591,49.0
2592,17.0
2593,61.0
2594,26.0
2595,11.0
2596,18.0
2597,23.0
2598,24.0
2599,46.0
2600,27.0
2601,22.0
2602,8.0
2603,10.0
2604,22.0
2605,105.0
2606,103.0
2607,48.0
2608,60.0
2609,28.0
2610,35.0
2611,52.0
2612,21.0
2613,162.0
2614,9.0
2615,50.0
2616,138.0
2617,21.0
2618,124.0
2619,28.0
2620,32.0
2621,9.0
2622,109.0
2623,10.0
2624,13.0
2625,20.0
2626,60.0
2627,23.0
2628,34.0
2629,128.0
2630,51.0
2631,74.0
2632,43.0
2633,60.0
2634,52.0
2635,29.0
2636,72.0
2637,24.0
2638,24.0
2639,35.0
2640,24.0
2641,53.0
2642,15.0
2643,43.0
2644,144.0
2645,51.0
2646,70.0
2647,68.0
2648,28.0
2649,77.0
2650,92.0
2651,12.0
2652,52.0
2653,44.0
2654,18.0
2655,10.0
2656,89.0
2657,63.0
2658,49.0
2659,36.0
2660,50.0
2661,15.0
2662,35.0
2663,49.0
2664,9.0
2665,60.0
2666,62.0
2667,60.0
2668,37.0
2669,35.0
2670,100.0
2671,50.0
2672,86.0
2673,82.0
2674,8.0
2675,71.0
2676,14.0
2677,39.0
2678,13.0
2679,54.0
2680,31.0
2681,30.0
2682,62.0
2683,26.0
2684,11.0
2685,60.0
2686,84.0
2687,13.0
2688,32.0
2689,11.0
2690,49.0
2691,109.0
2692,26.0
2693,21.0
2694,215.0
2695,76.0
2696,10.0
2697,77.0
2698,24.0
2699,164.0
2700,29.0
2701,8.0
2702,16.0
2703,33.0
2704,63.0
2705,10.0
2706,29.0
2707,107.0
2708,41.0
2709,22.0
2710,176.0
2711,12.0
2712,20.0
2713,111.0
2714,136.0
2715,44.0
2716,89.0
2717,103.0
2718,92.0
2719,37.0
2720,29.0
2721,56.0
2722,66.0
2723,43.0
2724,45.0
2725,29.0
2726,62.0
2727,45.0
2728,118.0
2729,90.0
2730,11.0
2731,61.0
2732,96.0
2733,21.0
2734,81.0
2735,58.0
2736,19.0
2737,54.0
2738,75.0
2739,37.0
2740,24.0
2741,10.0
2742,123.0
2743,21.0
2744,34.0
2745,4.0
2746,80.0
2747,63.0
2748,24.0
2749,27.0
2750,40.0
2751,36.0
2752,50.0
2753,9.0
2754,83.0
2755,173.0
2756,26.0
2757,28.0
2758,28.0
2759,28.0
2760,129.0
2761,36.0
2762,20.0
2763,68.0
2764,102.0
2765,82.0
2766,91.0
2767,66.0
2768,21.0
2769,49.0
2770,19.0
2771,60.0
2772,11.0
2773,24.0
2774,30.0
2775,42.0
2776,53.0
2777,15.0
2778,92.0
2779,79.0
2780,52.0
2781,40.0
2782,76.0
2783,87.0
2784,41.0
2785,12.0
2786,47.0
2787,93.0
2788,26.0
2789,119.0
2790,17.0
2791,137.0
2792,64.0
2793,84.0
2794,68.0
2795,235.0
2796,28.0
2797,42.0
2798,29.0
2799,188.0
2800,82.0
2801,19.0
2802,17.0
2803,39.0
2804,52.0
2805,11.0
2806,10.0
2807,50.0
2808,131.0
2809,32.0
2810,36.0
2811,57.0
2812,67.0
2813,34.0
2814,47.0
2815,55.0
2816,58.0
2817,38.0
2818,148.0
2819,34.0
2820,60.0
2821,109.0
2822,15.0
2823,16.0
2824,37.0
2825,25.0
2826,9.0
2827,36.0
2828,65.0
2829,15.0
2830,29.0
2831,23.0
2832,47.0
2833,20.0
2834,108.0
2835,16.0
2836,35.0
2837,62.0
2838,30.0
2839,31.0
2840,106.0
2841,68.0
2842,25.0
2843,25.0
2844,6.0
2845,40.0
2846,88.0
2847,49.0
2848,43.0
2849,110.0
2850,53.0
2851,23.0
2852,32.0
2853,61.0
2854,43.0
2855,58.0
2856,147.0
2857,86.0
2858,32.0
2859,23.0
2860,66.0
2861,66.0
2862,23.0
2863,26.0
2864,18.0
2865,51.0
2866,74.0
2867,50.0
2868,67.0
2869,83.0
2870,16.0
2871,5.0
2872,26.0
2873,73.0
2874,90.0
2875,36.0
2876,16.0
2877,68.0
2878,11.0
2879,64.0
2880,92.0
2881,23.0
2882,23.0
2883,29.0
2884,30.0
2885,38.0
2886,18.0
2887,27.0
2888,76.0
2889,35.0
2890,21.0
2891,38.0
2892,53.0
2893,57.0
2894,37.0
2895,199.0
2896,84.0
2897,8.0
2898,67.0
2899,32.0
2900,95.0
2901,62.0
2902,47.0
2903,33.0
2904,37.0
2905,71.0
2906,90.0
2907,82.0
2908,45.0
2909,34.0
2910,30.0
2911,26.0
2912,20.0
2913,59.0
2914,13.0
2915,41.0
2916,18.0
2917,30.0
2918,17.0
2919,93.0
2920,9.0
2921,39.0
2922,70.0
2923,29.0
2924,60.0
2925,51.0
2926,293.0
2927,6.0
2928,55.0
2929,62.0
2930,31.0
2931,121.0
2932,73.0
2933,112.0
2934,130.0
2935,56.0
2936,25.0
2937,26.0
2938,10.0
2939,16.0
2940,153.0
2941,65.0
2942,21.0
2943,63.0
2944,17.0
2945,14.0
2946,36.0
2947,45.0
2948,16.0
2949,35.0
2950,25.0
2951,10.0
2952,28.0
2953,52.0
2954,33.0
2955,17.0
2956,40.0
2957,46.0
2958,27.0
2959,95.0
2960,140.0
2961,50.0
2962,76.0
2963,26.0
2964,15.0
2965,118.0
2966,61.0
2967,22.0
2968,26.0
2969,24.0
2970,31.0
2971,9.0
2972,70.0
2973,13.0
2974,41.0
2975,28.0
2976,35.0
2977,82.0
2978,35.0
2979,36.0
2980,72.0
2981,93.0
2982,41.0
2983,23.0
2984,13.0
2985,65.0
2986,58.0
2987,8.0
2988,85.0
2989,11.0
2990,23.0
2991,42.0
2992,44.0
2993,59.0
2994,48.0
2995,34.0
2996,95.0
2997,13.0
2998,77.0
2999,80.0
3000,28.0
3001,9.0
3002,59.0
3003,163.0
3004,14.0
3005,67.0
3006,31.0
3007,25.0
3008,156.0
3009,26.0
3010,164.0
3011,13.0
3012,97.0
3013,38.0
3014,31.0
3015,38.0
3016,48.0
3017,53.0
3018,85.0
3019,57.0
3020,95.0
3021,76.0
3022,122.0
3023,38.0
3024,20.0
3025,45.0
3026,85.0
3027,41.0
3028,109.0
3029,129.0
3030,8.0
3031,113.0
3032,10.0
3033,25.0
3034,36.0
3035,21.0
3036,15.0
3037,57.0
3038,79.0
3039,256.0
3040,36.0
3041,56.0
3042,31.0
3043,33.0
3044,29.0
3045,33.0
3046,27.0
3047,64.0
3048,26.0
3049,85.0
3050,57.0
3051,31.0
3052,3.0
3053,44.0
3054,59.0
3055,40.0
3056,29.0
3057,27.0
3058,43.0
3059,86.0
3060,33.0
3061,30.0
3062,37.0
3063,58.0
3064,14.0
3065,86.0
3066,7.0
3067,71.0
3068,17.0
3069,9.0
3070,20.0
3071,82.0
3072,28.0
3073,18.0
3074,29.0
3075,98.0
3076,60.0
3077,94.0
3078,23.0
3079,49.0
3080,54.0
3081,39.0
3082,39.0
3083,21.0
3084,7.0
3085,61.0
3086,63.0
3087,49.0
3088,45.0
3089,35.0
3090,23.0
3091,4.0
3092,54.0
3093,78.0
3094,42.0
3095,14.0
3096,14.0
3097,42.0
3098,109.0
3099,74.0
3100,38.0
3101,74.0
3102,32.0
3103,7.0
3104,123.0
3105,113.0
3106,104.0
3107,45.0
3108,11.0
3109,51.0
3110,31.0
3111,23.0
3112,48.0
3113,28.0
3114,67.0
3115,12.0
3116,21.0
3117,72.0
3118,26.0
3119,50.0
3120,53.0
3121,12.0
3122,27.0
3123,21.0
3124,29.0
3125,29.0
3126,42.0
3127,21.0
3128,12.0
3129,34.0
3130,45.0
3131,61.0
3132,72.0
3133,110.0
3134,64.0
3135,10.0
3136,25.0
3137,30.0
3138,8.0
3139,30.0
3140,49.0
3141,12.0
3142,29.0
3143,17.0
3144,34.0
3145,113.0
3146,170.0
3147,88.0
3148,33.0
3149,20.0
3150,56.0
3151,29.0
3152,80.0
3153,80.0
3154,99.0
3155,46.0
3156,48.0
3157,34.0
3158,42.0
3159,70.0
3160,94.0
3161,47.0
3162,27.0
3163,64.0
3164,63.0
3165,58.0
3166,9.0
3167,19.0
3168,80.0
3169,110.0
3170,49.0
3171,15.0
3172,25.0
3173,13.0
3174,19.0
3175,82.0
3176,55.0
3177,21.0
3178,129.0
3179,73.0
3180,49.0
3181,38.0
3182,9.0
3183,50.0
3184,46.0
3185,18.0
3186,21.0
3187,72.0
3188,25.0
3189,73.0
3190,11.0
3191,28.0
3192,80.0
3193,78.0
3194,116.0
3195,14.0
3196,11.0
3197,76.0
3198,104.0
3199,75.0
3200,39.0
3201,60.0
3202,10.0
3203,51.0
3204,74.0
3205,41.0
3206,51.0
3207,60.0
3208,55.0
3209,15.0
3210,50.0
3211,27.0
3212,33.0
3213,25.0
3214,55.0
3215,22.0
3216,38.0
3217,65.0
3218,63.0
3219,25.0
3220,38.0
3221,5.0
3222,22.0
3223,59.0
3224,87.0
3225,72.0
3226,85.0
3227,15.0
3228,24.0
3229,145.0
3230,17.0
3231,88.0
3232,29.0
3233,49.0
3234,49.0
3235,66.0
3236,33.0
3237,94.0
3238,31.0
3239,24.0
3240,64.0
3241,25.0
3242,24.0
3243,84.0
3244,44.0
3245,28.0
3246,122.0
3247,66.0
3248,16.0
3249,67.0
3250,173.0
3251,14.0
3252,62.0
3253,91.0
3254,72.0
3255,88.0
3256,50.0
3257,59.0
3258,17.0
3259,132.0
3260,32.0
3261,65.0
3262,32.0
3263,62.0
3264,3.0
3265,8.0
3266,50.0
3267,19.0
3268,30.0
3269,76.0
3270,104.0
3271,28.0
3272,97.0
3273,14.0
3274,111.0
3275,38.0
3276,13.0
3277,7.0
3278,35.0
3279,83.0
3280,61.0
3281,29.0
3282,64.0
3283,4.0
3284,78.0
3285,47.0
3286,75.0
3287,26.0
3288,45.0
3289,13.0
3290,76.0
3291,37.0
3292,60.0
3293,31.0
3294,42.0
3295,19.0
3296,105.0
3297,28.0
3298,35.0
3299,110.0
3300,146.0
3301,37.0
3302,97.0
3303,11.0
3304,81.0
3305,6.0
3306,17.0
3307,22.0
3308,84.0
3309,48.0
3310,18.0
3311,63.0
3312,55.0
3313,100.0
3314,46.0
3315,39.0
3316,51.0
3317,8.0
3318,37.0
3319,54.0
3320,163.0
3321,123.0
3322,16.0
3323,56.0
3324,46.0
3325,49.0
3326,35.0
3327,12.0
3328,217.0
3329,22.0
3330,126.0
3331,23.0
3332,27.0
3333,92.0
3334,64.0
3335,42.0
3336,12.0
3337,7.0
3338,7.0
3339,36.0
3340,28.0
3341,59.0
3342,79.0
3343,59.0
3344,15.0
3345,72.0
3346,18.0
3347,63.0
3348,30.0
3349,48.0
3350,3.0
3351,83.0
3352,30.0
3353,17.0
3354,16.0
3355,12.0
3356,25.0
3357,38.0
3358,45.0
3359,30.0
3360,11.0
3361,24.0
3362,78.0
3363,28.0
3364,56.0
3365,9.0
3366,64.0
3367,95.0
3368,14.0
3369,62.0
3370,27.0
3371,81.0
3372,135.0
3373,76.0
3374,70.0
3375,124.0
3376,33.0
3377,64.0
3378,17.0
3379,26.0
3380,25.0
3381,27.0
3382,32.0
3383,62.0
3384,61.0
3385,65.0
3386,25.0
3387,47.0
3388,83.0
3389,28.0
3390,75.0
3391,33.0
3392,77.0
3393,96.0
3394,20.0
3395,47.0
3396,46.0
3397,27.0
3398,129.0
3399,13.0
3400,67.0
3401,54.0
3402,98.0
3403,96.0
3404,12.0
3405,11.0
3406,81.0
3407,68.0
3408,55.0
3409,21.0
3410,65.0
3411,35.0
3412,61.0
3413,35.0
3414,65.0
3415,45.0
3416,23.0
3417,88.0
3418,42.0
3419,10.0
3420,85.0
3421,29.0
3422,49.0
3423,7.0
3424,82.0
3425,105.0
3426,53.0
3427,195.0
3428,99.0
3429,44.0
3430,57.0
3431,65.0
3432,17.0
3433,12.0
3434,19.0
3435,23.0
3436,42.0
3437,12.0
3438,46.0
3439,32.0
3440,86.0
3441,77.0
3442,9.0
3443,77.0
3444,56.0
3445,98.0
3446,14.0
3447,6.0
3448,54.0
3449,22.0
3450,151.0
3451,27.0
3452,38.0
3453,42.0
3454,73.0
3455,31.0
3456,46.0
3457,24.0
3458,86.0
3459,64.0
3460,53.0
3461,19.0
3462,102.0
3463,82.0
3464,33.0
3465,26.0
3466,77.0
3467,46.0
3468,48.0
3469,58.0
3470,36.0
3471,40.0
3472,11.0
3473,65.0
3474,95.0
3475,25.0
3476,92.0
3477,77.0
3478,11.0
3479,37.0
3480,95.0
3481,30.0
3482,19.0
3483,22.0
3484,12.0
3485,95.0
3486,29.0
3487,101.0
3488,53.0
3489,10.0
3490,109.0
3491,59.0
3492,25.0
3493,137.0
3494,127.0
3495,53.0
3496,23.0
3497,31.0
3498,58.0
3499,21.0
3500,40.0
3501,66.0
3502,52.0
3503,79.0
3504,56.0
3505,41.0
3506,91.0
3507,147.0
3508,124.0
3509,46.0
3510,11.0
3511,62.0
3512,40.0
3513,18.0
3514,27.0
3515,13.0
3516,22.0
3517,26.0
3518,49.0
3519,10.0
3520,41.0
3521,17.0
3522,25.0
3523,19.0
3524,105.0
3525,52.0
3526,19.0
3527,55.0
3528,54.0
3529,20.0
3530,92.0
3531,20.0
3532,46.0
3533,26.0
3534,113.0
3535,284.0
3536,10.0
3537,9.0
3538,51.0
3539,6.0
3540,23.0
3541,53.0
3542,88.0
3543,20.0
3544,17.0
3545,54.0
3546,100.0
3547,17.0
3548,80.0
3549,172.0
3550,31.0
3551,35.0
3552,31.0
3553,89.0
3554,15.0
3555,23.0
3556,45.0
3557,60.0
3558,83.0
3559,117.0
3560,74.0
3561,19.0
3562,9.0
3563,29.0
3564,19.0
3565,92.0
3566,65.0
3567,28.0
3568,25.0
3569,18.0
3570,89.0
3571,35.0
3572,99.0
3573,39.0
3574,40.0
3575,7.0
3576,61.0
3577,18.0
3578,57.0
3579,89.0
3580,44.0
3581,16.0
3582,20.0
3583,39.0
3584,14.0
3585,126.0
3586,30.0
3587,88.0
3588,33.0
3589,25.0
3590,21.0
3591,24.0
3592,36.0
3593,8.0
3594,37.0
3595,205.0
3596,32.0
3597,12.0
3598,76.0
3599,5.0
3600,10.0
3601,33.0
3602,61.0
3603,19.0
3604,66.0
3605,128.0
3606,22.0
3607,30.0
3608,111.0
3609,20.0
3610,115.0
3611,36.0
3612,50.0
3613,8.0
3614,113.0
3615,12.0
3616,52.0
3617,67.0
3618,16.0
3619,38.0
3620,39.0
3621,61.0
3622,25.0
3623,10.0
3624,28.0
3625,9.0
3626,44.0
3627,33.0
3628,34.0
3629,127.0
3630,29.0
3631,57.0
3632,96.0
3633,94.0
3634,78.0
3635,57.0
3636,39.0
3637,48.0
3638,40.0
3639,100.0
3640,11.0
3641,43.0
3642,28.0
3643,62.0
3644,21.0
3645,29.0
3646,63.0
3647,77.0
3648,55.0
3649,86.0
3650,28.0
3651,27.0
3652,62.0
3653,49.0
3654,14.0
3655,176.0
3656,79.0
3657,36.0
3658,52.0
3659,23.0
3660,61.0
3661,165.0
3662,69.0
3663,74.0
3664,47.0
3665,59.0
3666,81.0
3667,63.0
3668,28.0
3669,12.0
3670,91.0
3671,74.0
3672,19.0
3673,66.0
3674,32.0
3675,23.0
3676,258.0
3677,39.0
3678,25.0
3679,15.0
3680,25.0
3681,31.0
3682,33.0
3683,98.0
3684,56.0
3685,34.0
3686,15.0
3687,39.0
3688,115.0
3689,40.0
3690,91.0
3691,80.0
3692,49.0
3693,25.0
3694,47.0
3695,62.0
3696,43.0
3697,62.0
3698,30.0
3699,51.0
3700,26.0
3701,121.0
3702,185.0
3703,16.0
3704,77.0
3705,12.0
3706,87.0
3707,23.0
3708,49.0
3709,74.0
3710,90.0
3711,38.0
3712,68.0
3713,23.0
3714,145.0
3715,68.0
3716,32.0
3717,81.0
3718,11.0
3719,86.0
3720,18.0
3721,73.0
3722,10.0
3723,15.0
3724,155.0
3725,174.0
3726,55.0
3727,15.0
3728,7.0
3729,36.0
3730,34.0
3731,12.0
3732,90.0
3733,49.0
3734,100.0
3735,71.0
3736,75.0
3737,233.0
3738,15.0
3739,28.0
3740,19.0
3741,29.0
3742,87.0
3743,98.0
3744,71.0
3745,89.0
3746,32.0
3747,68.0
3748,53.0
3749,17.0
3750,48.0
3751,39.0
3752,145.0
3753,48.0
3754,11.0
3755,19.0
3756,51.0
3757,105.0
3758,88.0
3759,10.0
3760,37.0
3761,40.0
3762,113.0
3763,19.0
3764,68.0
3765,51.0
3766,25.0
3767,201.0
3768,10.0
3769,25.0
3770,17.0
3771,14.0
3772,42.0
3773,92.0
3774,79.0
3775,61.0
3776,22.0
3777,100.0
3778,80.0
3779,45.0
3780,57.0
3781,27.0
3782,76.0
3783,26.0
3784,84.0
3785,63.0
3786,32.0
3787,39.0
3788,24.0
3789,7.0
3790,24.0
3791,78.0
3792,33.0
3793,36.0
3794,67.0
3795,26.0
3796,8.0
3797,40.0
3798,81.0
3799,14.0
3800,44.0
3801,181.0
3802,38.0
3803,14.0
3804,100.0
3805,4.0
3806,17.0
3807,51.0
3808,17.0
3809,19.0
3810,34.0
3811,33.0
3812,11.0
3813,16.0
3814,39.0
3815,19.0
3816,50.0
3817,38.0
3818,84.0
3819,26.0
3820,28.0
3821,29.0
3822,81.0
3823,37.0
3824,44.0
3825,42.0
3826,35.0
3827,45.0
3828,34.0
3829,41.0
3830,23.0
3831,38.0
3832,25.0
3833,73.0
3834,52.0
3835,49.0
3836,22.0
3837,30.0
3838,147.0
3839,40.0
3840,22.0
3841,30.0
3842,58.0
3843,53.0
3844,57.0
3845,22.0
3846,104.0
3847,8.0
3848,22.0
3849,39.0
3850,141.0
3851,25.0
3852,70.0
3853,29.0
3854,48.0
3855,20.0
3856,67.0
3857,16.0
3858,19.0
3859,87.0
3860,48.0
3861,23.0
3862,6.0
3863,16.0
3864,62.0
3865,57.0
3866,91.0
3867,25.0
3868,21.0
3869,73.0
3870,59.0
3871,53.0
3872,70.0
3873,49.0
3874,51.0
3875,45.0
3876,74.0
3877,40.0
3878,32.0
3879,141.0
3880,18.0
3881,15.0
3882,52.0
3883,50.0
3884,38.0
3885,37.0
3886,50.0
3887,51.0
3888,49.0
3889,52.0
3890,5.0
3891,9.0
3892,36.0
3893,47.0
3894,90.0
3895,25.0
3896,28.0
3897,11.0
3898,76.0
3899,45.0
3900,16.0
3901,18.0
3902,5.0
3903,24.0
3904,45.0
3905,73.0
3906,129.0
3907,16.0
3908,8.0
3909,23.0
3910,13.0
3911,63.0
3912,117.0
3913,120.0
3914,76.0
3915,114.0
3916,58.0
3917,68.0
3918,60.0
3919,63.0
3920,24.0
3921,46.0
3922,22.0
3923,58.0
3924,23.0
3925,40.0
3926,37.0
3927,25.0
3928,61.0
3929,35.0
3930,25.0
3931,2.0
3932,127.0
3933,115.0
3934,41.0
3935,60.0
3936,52.0
3937,14.0
3938,31.0
3939,106.0
3940,57.0
3941,75.0
3942,12.0
3943,49.0
3944,11.0
3945,38.0
3946,57.0
3947,22.0
3948,52.0
3949,49.0
3950,48.0
3951,38.0
3952,128.0
3953,62.0
3954,22.0
3955,17.0
3956,28.0
3957,63.0
3958,21.0
3959,16.0
3960,61.0
3961,29.0
3962,21.0
3963,22.0
3964,84.0
3965,12.0
3966,110.0
3967,94.0
3968,50.0
3969,83.0
3970,43.0
3971,80.0
3972,19.0
3973,18.0
3974,54.0
3975,125.0
3976,167.0
3977,15.0
3978,22.0
3979,46.0
3980,21.0
3981,8.0
3982,71.0
3983,6.0
3984,55.0
3985,83.0
3986,17.0
3987,57.0
3988,37.0
3989,238.0
3990,31.0
3991,22.0
3992,55.0
3993,90.0
3994,75.0
3995,35.0
3996,95.0
3997,17.0
3998,50.0
3999,87.0
4000,32.0
4001,20.0
4002,50.0
4003,15.0
4004,18.0
4005,124.0
4006,15.0
4007,127.0
4008,21.0
4009,39.0
4010,56.0
4011,12.0
4012,28.0
4013,108.0
4014,34.0
4015,53.0
4016,29.0
4017,46.0
4018,76.0
4019,32.0
4020,32.0
4021,111.0
4022,89.0
4023,26.0
4024,19.0
4025,146.0
4026,63.0
4027,73.0
4028,68.0
4029,102.0
4030,13.0
4031,125.0
4032,33.0
4033,33.0
4034,50.0
4035,32.0
4036,31.0
4037,67.0
4038,12.0
4039,43.0
4040,110.0
4041,106.0
4042,105.0
4043,12.0
4044,125.0
4045,43.0
4046,9.0
4047,22.0
4048,33.0
4049,103.0
4050,40.0
4051,50.0
4052,25.0
4053,89.0
4054,33.0
4055,34.0
4056,19.0
4057,41.0
4058,34.0
4059,21.0
4060,77.0
4061,30.0
4062,117.0
4063,5.0
4064,29.0
4065,8.0
4066,27.0
4067,58.0
4068,47.0
4069,20.0
4070,24.0
4071,22.0
4072,44.0
4073,67.0
4074,70.0
4075,95.0
4076,102.0
4077,27.0
4078,48.0
4079,76.0
4080,4.0
4081,77.0
4082,4.0
4083,27.0
4084,20.0
4085,8.0
4086,16.0
4087,85.0
4088,111.0
4089,159.0
4090,93.0
4091,43.0
4092,50.0
4093,41.0
4094,85.0
4095,34.0
4096,70.0
4097,61.0
4098,160.0
4099,31.0
4100,29.0
4101,53.0
4102,6.0
4103,35.0
4104,12.0
4105,51.0
4106,84.0
4107,30.0
4108,83.0
4109,55.0
4110,18.0
4111,54.0
4112,153.0
4113,36.0
4114,49.0
4115,40.0
4116,208.0
4117,5.0
4118,30.0
4119,21.0
4120,13.0
4121,19.0
4122,144.0
4123,14.0
4124,16.0
4125,28.0
4126,87.0
4127,47.0
4128,64.0
4129,106.0
4130,51.0
4131,63.0
4132,75.0
4133,69.0
4134,53.0
4135,34.0
4136,27.0
4137,10.0
4138,45.0
4139,14.0
4140,43.0
4141,77.0
4142,31.0
4143,23.0
4144,36.0
4145,61.0
4146,44.0
4147,20.0
4148,140.0
4149,30.0
4150,26.0
4151,59.0
4152,64.0
4153,44.0
4154,29.0
4155,79.0
4156,9.0
4157,131.0
4158,13.0
4159,44.0
4160,56.0
4161,62.0
4162,47.0
4163,35.0
4164,8.0
4165,30.0
4166,92.0
4167,37.0
4168,82.0
4169,22.0
4170,21.0
4171,16.0
4172,55.0
4173,76.0
4174,77.0
4175,114.0
4176,57.0
4177,17.0
4178,50.0
4179,25.0
4180,23.0
4181,74.0
4182,41.0
4183,52.0
4184,15.0
4185,18.0
4186,107.0
4187,32.0
4188,61.0
4189,27.0
4190,17.0
4191,53.0
4192,26.0
4193,109.0
4194,57.0
4195,40.0
4196,117.0
4197,30.0
4198,88.0
4199,37.0
4200,74.0
4201,55.0
4202,86.0
4203,124.0
4204,51.0
4205,39.0
4206,28.0
4207,76.0
4208,16.0
4209,27.0
4210,93.0
4211,9.0
4212,19.0
4213,35.0
4214,21.0
4215,14.0
4216,98.0
4217,15.0
4218,16.0
4219,93.0
4220,26.0
4221,27.0
4222,44.0
4223,96.0
4224,40.0
4225,5.0
4226,17.0
4227,263.0
4228,25.0
4229,36.0
4230,51.0
4231,56.0
4232,40.0
4233,33.0
4234,12.0
4235,7.0
4236,19.0
4237,45.0
4238,65.0
4239,35.0
4240,72.0
4241,42.0
4242,73.0
4243,29.0
4244,52.0
4245,58.0
4246,56.0
4247,32.0
4248,45.0
4249,102.0
4250,54.0
4251,54.0
4252,32.0
4253,48.0
4254,6.0
4255,14.0
4256,52.0
4257,31.0
4258,26.0
4259,69.0
4260,24.0
4261,67.0
4262,75.0
4263,62.0
4264,31.0
4265,108.0
4266,75.0
4267,30.0
4268,22.0
4269,49.0
4270,40.0
4271,112.0
4272,26.0
4273,170.0
4274,107.0
4275,14.0
4276,129.0
4277,65.0
4278,61.0
4279,69.0
4280,13.0
4281,68.0
4282,47.0
4283,26.0
4284,19.0
4285,76.0
4286,34.0
4287,65.0
4288,24.0
4289,140.0
4290,19.0
4291,47.0
4292,60.0
4293,87.0
4294,40.0
4295,73.0
4296,15.0
4297,195.0
4298,17.0
4299,119.0
4300,28.0
4301,22.0
4302,71.0
4303,48.0
4304,22.0
4305,98.0
4306,29.0
4307,56.0
4308,40.0
4309,32.0
4310,30.0
4311,34.0
4312,62.0
4313,19.0
4314,39.0
4315,78.0
4316,125.0
4317,36.0
4318,24.0
4319,27.0
4320,7.0
4321,33.0
4322,131.0
4323,106.0
4324,43.0
4325,102.0
4326,31.0
4327,43.0
4328,85.0
4329,63.0
4330,71.0
4331,20.0
4332,54.0
4333,28.0
4334,32.0
4335,37.0
4336,90.0
4337,20.0
4338,76.0
4339,46.0
4340,6.0
4341,68.0
4342,34.0
4343,51.0
4344,15.0
4345,26.0
4346,46.0
4347,115.0
4348,9.0
4349,58.0
4350,18.0
4351,36.0
4352,149.0
4353,50.0
4354,15.0
4355,39.0
4356,7.0
4357,28.0
4358,52.0
4359,21.0
4360,16.0
4361,11.0
4362,113.0
4363,26.0
4364,62.0
4365,18.0
4366,87.0
4367,25.0
4368,68.0
4369,38.0
4370,22.0
4371,8.0
4372,68.0
4373,19.0
4374,40.0
4375,30.0
4376,24.0
4377,27.0
4378,16.0
4379,90.0
4380,38.0
4381,58.0
4382,13.0
4383,28.0
4384,78.0
4385,18.0
4386,37.0
4387,35.0
4388,30.0
4389,103.0
4390,22.0
4391,20.0
4392,24.0
4393,27.0
4394,22.0
4395,42.0
4396,87.0
4397,82.0
4398,15.0
4399,137.0
4400,15.0
4401,53.0
4402,115.0
4403,36.0
4404,10.0
4405,16.0
4406,50.0
4407,63.0
4408,19.0
4409,27.0
4410,102.0
4411,99.0
4412,28.0
4413,60.0
4414,81.0
4415,107.0
4416,35.0
4417,17.0
4418,30.0
4419,19.0
4420,14.0
4421,24.0
4422,9.0
4423,12.0
4424,62.0
4425,48.0
4426,110.0
4427,45.0
4428,81.0
4429,126.0
4430,33.0
4431,96.0
4432,29.0
4433,5.0
4434,100.0
4435,20.0
4436,5.0
4437,59.0
4438,50.0
4439,46.0
4440,24.0
4441,117.0
4442,48.0
4443,31.0
4444,29.0
4445,44.0
4446,12.0
4447,34.0
4448,36.0
4449,38.0
4450,38.0
4451,35.0
4452,26.0
4453,14.0
4454,101.0
4455,36.0
4456,62.0
4457,58.0
4458,15.0
4459,39.0
4460,53.0
4461,78.0
4462,115.0
4463,4.0
4464,38.0
4465,34.0
4466,89.0
4467,24.0
4468,5.0
4469,23.0
4470,39.0
4471,8.0
4472,56.0
4473,13.0
4474,14.0
4475,67.0
4476,11.0
4477,6.0
4478,71.0
4479,34.0
4480,140.0
4481,59.0
4482,9.0
4483,14.0
4484,10.0
4485,36.0
4486,101.0
4487,22.0
4488,63.0
4489,13.0
4490,33.0
4491,20.0
4492,42.0
4493,22.0
4494,21.0
4495,20.0
4496,32.0
4497,120.0
4498,62.0
4499,20.0
4500,40.0
4501,47.0
4502,106.0
4503,61.0
4504,61.0
4505,18.0
4506,55.0
4507,46.0
4508,27.0
4509,12.0
4510,27.0
4511,88.0
4512,7.0
4513,52.0
4514,42.0
4515,79.0
4516,25.0
4517,30.0
4518,62.0
4519,44.0
4520,78.0
4521,16.0
4522,54.0
4523,21.0
4524,89.0
4525,96.0
4526,47.0
4527,101.0
4528,17.0
4529,34.0
4530,8.0
4531,83.0
4532,80.0
4533,7.0
4534,55.0
4535,27.0
4536,125.0
4537,81.0
4538,168.0
4539,14.0
4540,79.0
4541,38.0
4542,34.0
4543,64.0
4544,22.0
4545,47.0
4546,14.0
4547,49.0
4548,57.0
4549,24.0
4550,37.0
4551,30.0
4552,63.0
4553,16.0
4554,17.0
4555,56.0
4556,100.0
4557,76.0
4558,36.0
4559,20.0
4560,66.0
4561,24.0
4562,63.0
4563,73.0
4564,57.0
4565,12.0
4566,89.0
4567,52.0
4568,56.0
4569,29.0
4570,22.0
4571,25.0
4572,117.0
4573,12.0
4574,25.0
4575,27.0
4576,10.0
4577,32.0
4578,50.0
4579,42.0
4580,53.0
4581,85.0
4582,86.0
4583,104.0
4584,14.0
4585,31.0
4586,31.0
4587,30.0
4588,67.0
4589,32.0
4590,81.0
4591,74.0
4592,25.0
4593,35.0
4594,44.0
4595,12.0
4596,11.0
4597,71.0
4598,60.0
4599,72.0
4600,31.0
4601,102.0
4602,12.0
4603,81.0
4604,80.0
4605,51.0
4606,39.0
4607,39.0
4608,77.0
4609,152.0
4610,59.0
4611,117.0
4612,26.0
4613,12.0
4614,73.0
4615,149.0
4616,24.0
4617,20.0
4618,13.0
4619,17.0
4620,36.0
4621,133.0
4622,57.0
4623,44.0
4624,29.0
4625,33.0
4626,37.0
4627,9.0
4628,81.0
4629,67.0
4630,15.0
4631,74.0
4632,61.0
4633,61.0
4634,51.0
4635,19.0
4636,169.0
4637,16.0
4638,68.0
4639,22.0
4640,92.0
4641,14.0
4642,26.0
4643,11.0
4644,25.0
4645,34.0
4646,48.0
4647,196.0
4648,37.0
4649,129.0
4650,104.0
4651,82.0
4652,7.0
4653,27.0
4654,107.0
4655,20.0
4656,40.0
4657,100.0
4658,30.0
4659,59.0
4660,32.0
4661,31.0
4662,20.0
4663,70.0
4664,80.0
4665,14.0
4666,102.0
4667,59.0
4668,8.0
4669,57.0
4670,16.0
4671,49.0
4672,33.0
4673,33.0
4674,14.0
4675,8.0
4676,39.0
4677,23.0
4678,61.0
4679,61.0
4680,10.0
4681,11.0
4682,6.0
4683,147.0
4684,47.0
4685,38.0
4686,41.0
4687,15.0
4688,85.0
4689,10.0
4690,3.0
4691,69.0
4692,21.0
4693,26.0
4694,56.0
4695,4.0
4696,93.0
4697,41.0
4698,14.0
4699,43.0
4700,12.0
4701,20.0
4702,80.0
4703,21.0
4704,66.0
4705,35.0
4706,69.0
4707,15.0
4708,21.0
4709,43.0
4710,25.0
4711,125.0
4712,23.0
4713,60.0
4714,11.0
4715,16.0
4716,40.0
4717,68.0
4718,41.0
4719,36.0
4720,7.0
4721,32.0
4722,64.0
4723,12.0
4724,40.0
4725,61.0
4726,72.0
4727,57.0
4728,9.0
4729,13.0
4730,55.0
4731,18.0
4732,23.0
4733,43.0
4734,122.0
4735,11.0
4736,29.0
4737,77.0
4738,71.0
4739,63.0
4740,160.0
4741,30.0
4742,70.0
4743,11.0
4744,9.0
4745,36.0
4746,24.0
4747,14.0
4748,3.0
4749,8.0
4750,27.0
4751,14.0
4752,45.0
4753,88.0
4754,58.0
4755,160.0
4756,25.0
4757,30.0
4758,127.0
4759,75.0
4760,22.0
4761,57.0
4762,90.0
4763,68.0
4764,51.0
4765,26.0
4766,14.0
4767,73.0
4768,108.0
4769,16.0
4770,24.0
4771,15.0
4772,22.0
4773,54.0
4774,13.0
4775,32.0
4776,64.0
4777,59.0
4778,56.0
4779,55.0
4780,10.0
4781,12.0
4782,210.0
4783,13.0
4784,58.0
4785,92.0
4786,16.0
4787,24.0
4788,42.0
4789,78.0
4790,79.0
4791,54.0
4792,20.0
4793,29.0
4794,11.0
4795,71.0
4796,29.0
4797,25.0
4798,99.0
4799,30.0
4800,23.0
4801,57.0
4802,47.0
4803,32.0
4804,4.0
4805,8.0
4806,29.0
4807,95.0
4808,31.0
4809,68.0
4810,15.0
4811,21.0
4812,51.0
4813,98.0
4814,75.0
4815,164.0
4816,23.0
4817,237.0
4818,9.0
4819,8.0
4820,7.0
4821,79.0
4822,52.0
4823,22.0
4824,43.0
4825,51.0
4826,194.0
4827,46.0
4828,13.0
4829,33.0
4830,58.0
4831,90.0
4832,75.0
4833,42.0
4834,36.0
4835,35.0
4836,12.0
4837,31.0
4838,61.0
4839,43.0
4840,12.0
4841,17.0
4842,118.0
4843,60.0
4844,56.0
4845,10.0
4846,114.0
4847,53.0
4848,34.0
4849,92.0
4850,16.0
4851,85.0
4852,33.0
4853,41.0
4854,26.0
4855,10.0
4856,100.0
4857,12.0
4858,51.0
4859,53.0
4860,36.0
4861,65.0
4862,38.0
4863,26.0
4864,30.0
4865,41.0
4866,18.0
4867,19.0
4868,71.0
4869,63.0
4870,9.0
4871,25.0
4872,67.0
4873,31.0
4874,50.0
4875,31.0
4876,15.0
4877,50.0
4878,37.0
4879,46.0
4880,62.0
4881,42.0
4882,20.0
4883,86.0
4884,62.0
4885,52.0
4886,65.0
4887,13.0
4888,35.0
4889,35.0
4890,13.0
4891,11.0
4892,16.0
4893,77.0
4894,75.0
4895,72.0
4896,48.0
4897,52.0
4898,40.0
4899,79.0
4900,9.0
4901,21.0
4902,104.0
4903,92.0
4904,22.0
4905,40.0
4906,22.0
4907,100.0
4908,111.0
4909,44.0
4910,54.0
4911,95.0
4912,35.0
4913,33.0
4914,69.0
4915,39.0
4916,35.0
4917,27.0
4918,46.0
4919,25.0
4920,34.0
4921,37.0
4922,20.0
4923,56.0
4924,14.0
4925,62.0
4926,26.0
4927,53.0
4928,17.0
4929,45.0
4930,101.0
4931,47.0
4932,48.0
4933,42.0
4934,88.0
4935,28.0
4936,97.0
4937,51.0
4938,92.0
4939,63.0
4940,29.0
4941,56.0
4942,53.0
4943,17.0
4944,10.0
4945,84.0
4946,27.0
4947,50.0
4948,67.0
4949,10.0
4950,29.0
4951,16.0
4952,200.0
4953,21.0
4954,13.0
4955,30.0
4956,28.0
4957,12.0
4958,58.0
4959,28.0
4960,10.0
4961,40.0
4962,23.0
4963,21.0
4964,11.0
4965,28.0
4966,38.0
4967,28.0
4968,59.0
4969,17.0
4970,12.0
4971,17.0
4972,22.0
4973,29.0
4974,72.0
4975,32.0
4976,66.0
4977,54.0
4978,79.0
4979,50.0
4980,31.0
4981,26.0
4982,13.0
4983,118.0
4984,49.0
4985,21.0
4986,11.0
4987,33.0
4988,189.0
4989,108.0
4990,14.0
4991,46.0
4992,44.0
4993,48.0
4994,42.0
4995,28.0
4996,24.0
4997,88.0
4998,63.0
4999,13.0
